{
  "Ansi 6 Color": {
    "Green Component": 0.9137254901960784,
    "Red Component": 0.5450980392156862,
    "Blue Component": 0.9921568627450981
  },
  "Tags": [],
  "Ansi 12 Color": {
    "Green Component": 0.5764705882352941,
    "Red Component": 0.7411764705882353,
    "Blue Component": 0.9764705882352941
  },
  "Ansi 7 Color": {
    "Green Component": 0.7333333492279053,
    "Red Component": 0.7333333492279053,
    "Blue Component": 0.7333333492279053
  },
  "Draw Powerline Glyphs": false,
  "Bold Color": {
    "Green Component": 0.9023706912994385,
    "Red Component": 0.9023706912994385,
    "Blue Component": 0.9023706912994385
  },
  "Ansi 8 Color": {
    "Green Component": 0.3333333333333333,
    "Red Component": 0.3333333333333333,
    "Blue Component": 0.3333333333333333
  },
  "Ansi 9 Color": {
    "Green Component": 0.3333333333333333,
    "Red Component": 1,
    "Blue Component": 0.3333333333333333
  },
  "Ansi 3 Color": {
    "Green Component": 0.9803921568627451,
    "Red Component": 0.9450980392156862,
    "Blue Component": 0.5490196078431373
  },
  "Rows": 25,
  "Default Bookmark": "No",
  "Right Option Key Sends": 0,
  "Cursor Guide Color": {
    "Red Component": 0.7021318674087524,
    "Color Space": "sRGB",
    "Blue Component": 1,
    "Alpha Component": 0.25,
    "Green Component": 0.9268307089805603
  },
  "Non-ASCII Anti Aliased": true,
  "Use Bright Bold": true,
  "Ansi 10 Color": {
    "Green Component": 0.9803921568627451,
    "Red Component": 0.3137254901960784,
    "Blue Component": 0.4823529411764706
  },
  "Ambiguous Double Width": false,
  "Jobs to Ignore": [
    "rlogin",
    "ssh",
    "slogin",
    "telnet"
  ],
  "Ansi 15 Color": {
    "Green Component": 1,
    "Red Component": 1,
    "Blue Component": 1
  },
  "Foreground Color": {
    "Green Component": 0.9003232717514038,
    "Red Component": 0.9003232717514038,
    "Blue Component": 0.9003232717514038
  },
  "Working Directory": "/Users/vadim",
  "Blinking Cursor": false,
  "Space": 0,
  "Sync Title": false,
  "Prompt Before Closing 2": false,
  "BM Growl": true,
  "Mouse Reporting": true,
  "Command": "",
  "Description": "Default",
  "Disable Window Resizing": true,
  "Screen": -1,
  "Selection Color": {
    "Green Component": 0.27843138575553894,
    "Red Component": 0.2666666805744171,
    "Blue Component": 0.3529411852359772
  },
  "Columns": 80,
  "Idle Code": 0,
  "Ansi 13 Color": {
    "Green Component": 0.4745098039215686,
    "Red Component": 1,
    "Blue Component": 0.7764705882352941
  },
  "Custom Command": "No",
  "ASCII Anti Aliased": true,
  "Non Ascii Font": "Monaco 12",
  "Vertical Spacing": 1,
  "Use Bold Font": true,
  "Option Key Sends": 0,
  "Selected Text Color": {
    "Green Component": 1,
    "Red Component": 1,
    "Blue Component": 1
  },
  "Background Color": {
    "Green Component": 0.12215272337198257,
    "Red Component": 0.1176581159234047,
    "Blue Component": 0.15977837145328522
  },
  "Character Encoding": 4,
  "Ansi 11 Color": {
    "Green Component": 0.9803921568627451,
    "Red Component": 0.9450980392156862,
    "Blue Component": 0.5490196078431373
  },
  "Use Italic Font": true,
  "Unlimited Scrollback": false,
  "Keyboard Map": {
    "0xf700-0x260000": {
      "Text": "[1;6A",
      "Action": 10
    },
    "0x37-0x40000": {
      "Text": "0x1f",
      "Action": 11
    },
    "0x32-0x40000": {
      "Text": "0x00",
      "Action": 11
    },
    "0xf709-0x20000": {
      "Text": "[17;2~",
      "Action": 10
    },
    "0xf70c-0x20000": {
      "Text": "[20;2~",
      "Action": 10
    },
    "0xf729-0x20000": {
      "Text": "[1;2H",
      "Action": 10
    },
    "0xf72b-0x40000": {
      "Text": "[1;5F",
      "Action": 10
    },
    "0xf705-0x20000": {
      "Text": "[1;2Q",
      "Action": 10
    },
    "0xf703-0x260000": {
      "Text": "[1;6C",
      "Action": 10
    },
    "0xf700-0x220000": {
      "Text": "[1;2A",
      "Action": 10
    },
    "0xf701-0x280000": {
      "Text": "0x1b 0x1b 0x5b 0x42",
      "Action": 11
    },
    "0x38-0x40000": {
      "Text": "0x7f",
      "Action": 11
    },
    "0x33-0x40000": {
      "Text": "0x1b",
      "Action": 11
    },
    "0xf703-0x220000": {
      "Text": "[1;2C",
      "Action": 10
    },
    "0xf701-0x240000": {
      "Text": "[1;5B",
      "Action": 10
    },
    "0xf70d-0x20000": {
      "Text": "[21;2~",
      "Action": 10
    },
    "0xf702-0x260000": {
      "Text": "[1;6D",
      "Action": 10
    },
    "0xf729-0x40000": {
      "Text": "[1;5H",
      "Action": 10
    },
    "0xf706-0x20000": {
      "Text": "[1;2R",
      "Action": 10
    },
    "0x34-0x40000": {
      "Text": "0x1c",
      "Action": 11
    },
    "0xf700-0x280000": {
      "Text": "0x1b 0x1b 0x5b 0x41",
      "Action": 11
    },
    "0x2d-0x40000": {
      "Text": "0x1f",
      "Action": 11
    },
    "0xf70e-0x20000": {
      "Text": "[23;2~",
      "Action": 10
    },
    "0xf702-0x220000": {
      "Text": "[1;2D",
      "Action": 10
    },
    "0xf703-0x280000": {
      "Text": "0x1b 0x1b 0x5b 0x43",
      "Action": 11
    },
    "0xf700-0x240000": {
      "Text": "[1;5A",
      "Action": 10
    },
    "0xf707-0x20000": {
      "Text": "[1;2S",
      "Action": 10
    },
    "0xf70a-0x20000": {
      "Text": "[18;2~",
      "Action": 10
    },
    "0x35-0x40000": {
      "Text": "0x1d",
      "Action": 11
    },
    "0xf70f-0x20000": {
      "Text": "[24;2~",
      "Action": 10
    },
    "0xf703-0x240000": {
      "Text": "[1;5C",
      "Action": 10
    },
    "0xf701-0x260000": {
      "Text": "[1;6B",
      "Action": 10
    },
    "0xf702-0x280000": {
      "Text": "0x1b 0x1b 0x5b 0x44",
      "Action": 11
    },
    "0xf72b-0x20000": {
      "Text": "[1;2F",
      "Action": 10
    },
    "0x36-0x40000": {
      "Text": "0x1e",
      "Action": 11
    },
    "0xf708-0x20000": {
      "Text": "[15;2~",
      "Action": 10
    },
    "0xf701-0x220000": {
      "Text": "[1;2B",
      "Action": 10
    },
    "0xf70b-0x20000": {
      "Text": "[19;2~",
      "Action": 10
    },
    "0xf702-0x240000": {
      "Text": "[1;5D",
      "Action": 10
    },
    "0xf704-0x20000": {
      "Text": "[1;2P",
      "Action": 10
    }
  },
  "Window Type": 0,
  "Cursor Type": 2,
  "Background Image Location": "",
  "Blur": false,
  "Badge Color": {
    "Red Component": 1,
    "Color Space": "sRGB",
    "Blue Component": 0,
    "Alpha Component": 0.5,
    "Green Component": 0.1491314172744751
  },
  "Scrollback Lines": 1000,
  "Send Code When Idle": false,
  "Close Sessions On End": true,
  "Terminal Type": "xterm-256color",
  "Visual Bell": true,
  "Flashing Bell": false,
  "Silence Bell": false,
  "Ansi 14 Color": {
    "Green Component": 0.9137254901960784,
    "Red Component": 0.5450980392156862,
    "Blue Component": 0.9921568627450981
  },
  "ASCII Ligatures": true,
  "Name": "Default",
  "Cursor Text Color": {
    "Green Component": 1,
    "Red Component": 1,
    "Blue Component": 1
  },
  "Shortcut": "",
  "Cursor Color": {
    "Green Component": 0.7333333492279053,
    "Red Component": 0.7333333492279053,
    "Blue Component": 0.7333333492279053
  },
  "Transparency": 0,
  "Ansi 1 Color": {
    "Green Component": 0.3333333432674408,
    "Red Component": 1,
    "Blue Component": 0.3333333432674408
  },
  "Horizontal Spacing": 1,
  "Custom Directory": "Recycle",
  "Ansi 0 Color": {
    "Green Component": 0,
    "Red Component": 0,
    "Blue Component": 0
  },
  "Ansi 5 Color": {
    "Green Component": 0.4745098039215686,
    "Red Component": 1,
    "Blue Component": 0.7764705882352941
  },
  "Use Non-ASCII Font": false,
  "Guid": "1E4A8D48-4384-4581-9988-BC797319B2C8",
  "Normal Font": "FiraCode-Regular 16",
  "Ansi 2 Color": {
    "Green Component": 0.9803921568627451,
    "Red Component": 0.3137254901960784,
    "Blue Component": 0.4823529411764706
  },
  "Ansi 4 Color": {
    "Green Component": 0.5764705882352941,
    "Red Component": 0.7411764705882353,